youngest_borrower_age,year_built,valuation_type,unique_identifier,undrawn_facility,underlying_exposure_identifier,total_credit_limit,stressed_LTV,special_scheme,secondary_income_verification,secondary_income,scheduled_principal_payment_frequency,scheduled_interest_payment_frequency,sale_price,revision_margin_3,revision_margin_2,revision_margin_1,revised_interest_rate_index_tenor,revised_interest_rate_index,resident,redemption_date,recourse,reason_for_default_or_foreclosure,purpose,purchase_price,property_type,prior_principal_balances,principal_grace_period_end_date,primary_income_verification,primary_income_type,primary_income_currency,primary_income,prepayment_lock_out_end_date,prepayment_fee_end_date,prepayment_fee,prepayment_date,pool_addition_date,percentage_of_prepayments_allowed_per_year,payment_due,pari_passu_underlying_exposures,originator_name,originator_legal_entity_identifier,originator_establishment_country,origination_date,origination_channel,original_valuation_method,original_valuation_date,original_valuation_amount,original_underlying_exposure_identifier,original_term,original_principal_balance,original_obligor_identifier,original_loan_to_value,original_lender_name,original_lender_legal_entity_identifier,original_lender_establishment_country,original_collateral_identifier,occupancy_type,number_of_payments_before_securitisation,number_of_days_in_arrears,new_underlying_exposure_identifier,new_obligor_identifier,new_collateral_identifier,negative_equity_guarantee,maturity_date,ltv_cap,loan_redemption_flag,litigation,lien,interest_revision_date_3,interest_revision_date_2,interest_revision_date_1,interest_rate_type,interest_rate_reset_interval,interest_rate_floor,interest_rate_cap,insurance_or_investment_provider,health_impairment_flag,guarantor_type,geographic_region_obligor,geographic_region_collateral,geographic_region_classification,further_advance_flag,further_advance_amount,erm_sub_product_type,erm_product_type,energy_performance_certificate_value,energy_performance_certificate_provider_name,employment_status,early_repayment_charge_end,early_repayment_charge,drawdown_facility,deposit_amount,default_date,default_amount,debt_to_income_ratio,date_of_sale,date_of_restructuring,date_of_repurchase,date_last_in_arrears,data_cut_off_date,customer_type,current_valuation_method,current_valuation_date,current_valuation_amount,current_principal_balance,current_loan_to_value,current_interest_rate_margin,current_interest_rate_index_tenor,current_interest_rate_index,current_interest_rate,currency_denomination,cumulative_recoveries,cumulative_prepayments,cumulative_drawn_amount,credit_impaired_obligor,collateral_type,collateral_currency,broker_channel,borrower_2_income,borrower_2_id,borrower_2_age,borrower_1_id,borrower_1_age,balloon_amount,arrears_balance,amortisation_type,allocated_losses,accrued_interest,account_status
62,1965,,776586,0,,60350,,ND5,ND5,ND5,ND5,ND5,ND5,ND5,ND5,ND5,ND5,ND5,ND1,ND5,ND5,ND5,Equity Release (EQRE),ND5,ND5,ND5,ND5,ND1,ND1,GBP,ND1,ND5,ND5,ND5,ND5,ND5,ND5,ND5,ND5,more2life,,,2025-10-03,ND5,ND1,2025-09-13,170000.0,77658601,ND5,60350.0,,35.5,ND5,ND5,ND5,,ND5,ND1,,,,,,ND5,,N,ND5,ND5,ND5,ND5,ND5,ND5,ND5,ND5,ND5,ND5,,ND1,GBZZZ,GBZZZ,GBZZZ,,,Omni 300,,ND5,ND5,ND1,,,,ND5,ND5,ND5,ND5,ND5,ND5,ND5,ND5,2025-10-31,ND1,ND1,2025-09-13,170000.0,ND5,0.36,ND5,ND5,ND5,9.55,GBP,ND5,ND5,,ND5,Residential Building (RBLD),GBP,Cornerstone Mortgages Limited,,,,,,ND5,,ND1,ND5,457.92,Performing (PERF)
65,1975,,776158,0,,81000,,ND5,ND5,ND5,ND5,ND5,ND5,ND5,ND5,ND5,ND5,ND5,ND1,ND5,ND5,ND5,Equity Release (EQRE),ND5,ND5,ND5,ND5,ND1,ND1,GBP,ND1,ND5,ND5,ND5,ND5,ND5,ND5,ND5,ND5,more2life,,,2025-10-07,ND5,ND1,2025-09-11,200000.0,77615801,ND5,81000.0,,40.5,ND5,ND5,ND5,,ND5,ND1,,,,,,ND5,,N,ND5,ND5,ND5,ND5,ND5,ND5,ND5,ND5,ND5,ND5,,ND1,GBZZZ,GBZZZ,GBZZZ,,,Omni 400,,ND5,ND5,ND1,,,,ND5,ND5,ND5,ND5,ND5,ND5,ND5,ND5,2025-10-31,ND1,ND1,2025-09-11,200000.0,ND5,0.41,ND5,ND5,ND5,9.48,GBP,ND5,ND5,,ND5,Residential Building (RBLD),GBP,RSUK ltd,,,,,,ND5,,ND1,ND5,525.95,Performing (PERF)
77,1950,,776002,0,,111100,,ND5,ND5,ND5,ND5,ND5,ND5,ND5,ND5,ND5,ND5,ND5,ND1,ND5,ND5,ND5,Equity Release (EQRE),ND5,ND5,ND5,ND5,ND1,ND1,GBP,ND1,ND5,ND5,ND5,ND5,ND5,ND5,ND5,ND5,more2life,,,2025-10-09,ND5,ND1,2025-07-28,220000.0,77600201,ND5,111100.0,,50.5,ND5,ND5,ND5,,ND5,ND1,,,,,,ND5,,N,ND5,ND5,ND5,ND5,ND5,ND5,ND5,ND5,ND5,ND5,,ND1,GBZZZ,GBZZZ,GBZZZ,,,Omni 300,,ND5,ND5,ND1,,,,ND5,ND5,ND5,ND5,ND5,ND5,ND5,ND5,2025-10-31,ND1,ND1,2025-07-28,220000.0,ND5,0.51,ND5,ND5,ND5,9.39,GBP,ND5,ND5,,ND5,Residential Building (RBLD),GBP,Turney and Associates Ltd,,,,,,ND5,,ND1,ND5,657.38,Performing (PERF)
67,1958,,776342,0,,91688,,ND5,ND5,ND5,ND5,ND5,ND5,ND5,ND5,ND5,ND5,ND5,ND1,ND5,ND5,ND5,Equity Release (EQRE),ND5,ND5,ND5,ND5,ND1,ND1,GBP,ND1,ND5,ND5,ND5,ND5,ND5,ND5,ND5,ND5,more2life,,,2025-10-15,ND5,ND1,2025-09-16,225000.0,77634201,ND5,91687.5,,40.75,ND5,ND5,ND5,,ND5,ND1,,,,,,ND5,,N,ND5,ND5,ND5,ND5,ND5,ND5,ND5,ND5,ND5,ND5,,ND1,GBZZZ,GBZZZ,GBZZZ,,,Omni 400,,ND5,ND5,ND1,,,,ND5,ND5,ND5,ND5,ND5,ND5,ND5,ND5,2025-10-31,ND1,ND1,2025-09-16,225000.0,ND5,0.41,ND5,ND5,ND5,9.56,GBP,ND5,ND5,,ND5,Residential Building (RBLD),GBP,Key Whole Of Market,,,,,,ND5,,ND1,ND5,408.24,Performing (PERF)
69,2008,,776953,0,,198787,,ND5,ND5,ND5,ND5,ND5,ND5,ND5,ND5,ND5,ND5,ND5,ND1,ND5,ND5,ND5,Equity Release (EQRE),ND5,ND5,ND5,ND5,ND1,ND1,GBP,ND1,ND5,ND5,ND5,ND5,ND5,ND5,ND5,ND5,more2life,,,2025-10-15,ND5,ND1,2025-09-05,465000.0,77695301,ND5,198787.0,,42.74989247311828,ND5,ND5,ND5,,ND5,ND1,,,,,,ND5,,N,ND5,ND5,ND5,ND5,ND5,ND5,ND5,ND5,ND5,ND5,,ND1,GBZZZ,GBZZZ,GBZZZ,,,Omni 400,,ND5,ND5,ND1,,,,ND5,ND5,ND5,ND5,ND5,ND5,ND5,ND5,2025-10-31,ND1,ND1,2025-09-05,465000.0,ND5,0.43,ND5,ND5,ND5,9.56,GBP,ND5,ND5,,ND5,Residential Building (RBLD),GBP,Key Whole Of Market,,,,,,ND5,,ND1,ND5,885.12,Performing (PERF)
68,1960,,777032,0,,207500,,ND5,ND5,ND5,ND5,ND5,ND5,ND5,ND5,ND5,ND5,ND5,ND1,ND5,ND5,ND5,Equity Release (EQRE),ND5,ND5,ND5,ND5,ND1,ND1,GBP,ND1,ND5,ND5,ND5,ND5,ND5,ND5,ND5,ND5,more2life,,,2025-10-15,ND5,ND1,2025-09-10,500000.0,77703201,ND5,207500.0,,41.5,ND5,ND5,ND5,,ND5,ND1,,,,,,ND5,,N,ND5,ND5,ND5,ND5,ND5,ND5,ND5,ND5,ND5,ND5,,ND1,GBZZZ,GBZZZ,GBZZZ,,,Omni 200,,ND5,ND5,ND1,,,,ND5,ND5,ND5,ND5,ND5,ND5,ND5,ND5,2025-10-31,ND1,ND1,2025-09-10,500000.0,ND5,0.42,ND5,ND5,ND5,9.48,GBP,ND5,ND5,,ND5,Residential Building (RBLD),GBP,Just Mortgages Direct Limited,,,,,,ND5,,ND1,ND5,916.18,Performing (PERF)
64,2004,,777077,0,,96850,,ND5,ND5,ND5,ND5,ND5,ND5,ND5,ND5,ND5,ND5,ND5,ND1,ND5,ND5,ND5,Equity Release (EQRE),ND5,ND5,ND5,ND5,ND1,ND1,GBP,ND1,ND5,ND5,ND5,ND5,ND5,ND5,ND5,ND5,more2life,,,2025-10-15,ND5,ND1,2025-09-15,260000.0,77707701,ND5,96850.0,,37.25,ND5,ND5,ND5,,ND5,ND1,,,,,,ND5,,N,ND5,ND5,ND5,ND5,ND5,ND5,ND5,ND5,ND5,ND5,,ND1,GBZZZ,GBZZZ,GBZZZ,,,Omni 300,,ND5,ND5,ND1,,,,ND5,ND5,ND5,ND5,ND5,ND5,ND5,ND5,2025-10-31,ND1,ND1,2025-09-15,260000.0,ND5,0.37,ND5,ND5,ND5,9.52,GBP,ND5,ND5,,ND5,Residential Building (RBLD),GBP,Andy Wilson Financial Services Ltd,,,,,,ND5,,ND1,ND5,429.43,Performing (PERF)
62,1999,,776114,0,,132312,,ND5,ND5,ND5,ND5,ND5,ND5,ND5,ND5,ND5,ND5,ND5,ND1,ND5,ND5,ND5,Equity Release (EQRE),ND5,ND5,ND5,ND5,ND1,ND1,GBP,ND1,ND5,ND5,ND5,ND5,ND5,ND5,ND5,ND5,more2life,,,2025-10-16,ND5,ND1,2025-09-10,365000.0,77611401,ND5,132312.0,,36.24986301369863,ND5,ND5,ND5,,ND5,ND1,,,,,,ND5,,N,ND5,ND5,ND5,ND5,ND5,ND5,ND5,ND5,ND5,ND5,,ND1,GBZZZ,GBZZZ,GBZZZ,,,Omni 400,,ND5,ND5,ND1,,,,ND5,ND5,ND5,ND5,ND5,ND5,ND5,ND5,2025-10-31,ND1,ND1,2025-09-10,365000.0,ND5,0.36,ND5,ND5,ND5,9.48,GBP,ND5,ND5,,ND5,Residential Building (RBLD),GBP,Eadon & Co Ltd,,,,,,ND5,,ND1,ND5,549.83,Performing (PERF)
64,1861,,776273,0,,210375,,ND5,ND5,ND5,ND5,ND5,ND5,ND5,ND5,ND5,ND5,ND5,ND1,ND5,ND5,ND5,Equity Release (EQRE),ND5,ND5,ND5,ND5,ND1,ND1,GBP,ND1,ND5,ND5,ND5,ND5,ND5,ND5,ND5,ND5,more2life,,,2025-10-21,ND5,ND1,2025-09-17,550000.0,77627301,ND5,210375.0,,38.25,ND5,ND5,ND5,,ND5,ND1,,,,,,ND5,,N,ND5,ND5,ND5,ND5,ND5,ND5,ND5,ND5,ND5,ND5,,ND1,GBZZZ,GBZZZ,GBZZZ,,,Omni 400,,ND5,ND5,ND1,,,,ND5,ND5,ND5,ND5,ND5,ND5,ND5,ND5,2025-10-31,ND1,ND1,2025-09-17,550000.0,ND5,0.38,ND5,ND5,ND5,9.56,GBP,ND5,ND5,,ND5,Residential Building (RBLD),GBP,The Equity Release Partnership Ltd,,,,,,ND5,,ND1,ND5,606.11,Performing (PERF)
68,1974,,776230,0,,58410,,ND5,ND5,ND5,ND5,ND5,ND5,ND5,ND5,ND5,ND5,ND5,ND1,ND5,ND5,ND5,Equity Release (EQRE),ND5,ND5,ND5,ND5,ND1,ND1,GBP,ND1,ND5,ND5,ND5,ND5,ND5,ND5,ND5,ND5,more2life,,,2025-10-22,ND5,ND1,2025-06-10,150000.0,77623001,ND5,58410.0,,38.940000000000005,ND5,ND5,ND5,,ND5,ND1,,,,,,ND5,,N,ND5,ND5,ND5,ND5,ND5,ND5,ND5,ND5,ND5,ND5,,ND1,GBZZZ,GBZZZ,GBZZZ,,,Omni 200,,ND5,ND5,ND1,,,,ND5,ND5,ND5,ND5,ND5,ND5,ND5,ND5,2025-10-31,ND1,ND1,2025-06-10,150000.0,ND5,0.39,ND5,ND5,ND5,9.29,GBP,ND5,ND5,,ND5,Residential Building (RBLD),GBP,Fluent Mortgages Horwich Limited T/A Fluent Lifetime,,,,,,ND5,,ND1,ND5,148.67,Performing (PERF)
71,1904,,776700,0,,118300,,ND5,ND5,ND5,ND5,ND5,ND5,ND5,ND5,ND5,ND5,ND5,ND1,ND5,ND5,ND5,Equity Release (EQRE),ND5,ND5,ND5,ND5,ND1,ND1,GBP,ND1,ND5,ND5,ND5,ND5,ND5,ND5,ND5,ND5,more2life,,,2025-10-23,ND5,ND1,2025-09-23,260000.0,77670001,ND5,118300.0,,45.5,ND5,ND5,ND5,,ND5,ND1,,,,,,ND5,,N,ND5,ND5,ND5,ND5,ND5,ND5,ND5,ND5,ND5,ND5,,ND1,GBZZZ,GBZZZ,GBZZZ,,,Omni 300,,ND5,ND5,ND1,,,,ND5,ND5,ND5,ND5,ND5,ND5,ND5,ND5,2025-10-31,ND1,ND1,2025-09-23,260000.0,ND5,0.46,ND5,ND5,ND5,9.55,GBP,ND5,ND5,,ND5,Residential Building (RBLD),GBP,The Later Life Lending Network Limited,,,,,,ND5,,ND1,ND5,278.57,Performing (PERF)
63,1965,,776710,0,,162562,,ND5,ND5,ND5,ND5,ND5,ND5,ND5,ND5,ND5,ND5,ND5,ND1,ND5,ND5,ND5,Equity Release (EQRE),ND5,ND5,ND5,ND5,ND1,ND1,GBP,ND1,ND5,ND5,ND5,ND5,ND5,ND5,ND5,ND5,more2life,,,2025-10-23,ND5,ND1,2025-09-15,425000.0,77671001,ND5,162562.0,,38.24988235294118,ND5,ND5,ND5,,ND5,ND1,,,,,,ND5,,N,ND5,ND5,ND5,ND5,ND5,ND5,ND5,ND5,ND5,ND5,,ND1,GBZZZ,GBZZZ,GBZZZ,,,Omni 400,,ND5,ND5,ND1,,,,ND5,ND5,ND5,ND5,ND5,ND5,ND5,ND5,2025-10-31,ND1,ND1,2025-09-15,425000.0,ND5,0.38,ND5,ND5,ND5,9.56,GBP,ND5,ND5,,ND5,Residential Building (RBLD),GBP,Just Mortgages Direct Limited,,,,,,ND5,,ND1,ND5,383.2,Performing (PERF)
61,1935,,779910,0,,87250,,ND5,ND5,ND5,ND5,ND5,ND5,ND5,ND5,ND5,ND5,ND5,ND1,ND5,ND5,ND5,Equity Release (EQRE),ND5,ND5,ND5,ND5,ND1,ND1,GBP,ND1,ND5,ND5,ND5,ND5,ND5,ND5,ND5,ND5,more2life,,,2025-10-23,ND5,ND1,2025-09-02,250000.0,77991001,ND5,87250.0,,34.9,ND5,ND5,ND5,,ND5,ND1,,,,,,ND5,,N,ND5,ND5,ND5,ND5,ND5,ND5,ND5,ND5,ND5,ND5,,ND1,GBZZZ,GBZZZ,GBZZZ,,,Omni 400,,ND5,ND5,ND1,,,,ND5,ND5,ND5,ND5,ND5,ND5,ND5,ND5,2025-10-31,ND1,ND1,2025-09-02,250000.0,ND5,0.35,ND5,ND5,ND5,9.56,GBP,ND5,ND5,,ND5,Residential Building (RBLD),GBP,Altogether Financial Solutions Ltd,,,,,,ND5,,ND1,ND5,205.67,Performing (PERF)
60,1930,,776324,0,,57313,,ND5,ND5,ND5,ND5,ND5,ND5,ND5,ND5,ND5,ND5,ND5,ND1,ND5,ND5,ND5,Equity Release (EQRE),ND5,ND5,ND5,ND5,ND1,ND1,GBP,ND1,ND5,ND5,ND5,ND5,ND5,ND5,ND5,ND5,more2life,,,2025-10-24,ND5,ND1,2025-09-08,175000.0,77632401,ND5,57312.5,,32.75,ND5,ND5,ND5,,ND5,ND1,,,,,,ND5,,N,ND5,ND5,ND5,ND5,ND5,ND5,ND5,ND5,ND5,ND5,,ND1,GBZZZ,GBZZZ,GBZZZ,,,Omni 300,,ND5,ND5,ND1,,,,ND5,ND5,ND5,ND5,ND5,ND5,ND5,ND5,2025-10-31,ND1,ND1,2025-09-08,175000.0,ND5,0.33,ND5,ND5,ND5,9.52,GBP,ND5,ND5,,ND5,Residential Building (RBLD),GBP,Contemporary Financial Solutions Ltd,,,,,,ND5,,ND1,ND5,119.59,Performing (PERF)
75,1980,,776341,0,,131175,,ND5,ND5,ND5,ND5,ND5,ND5,ND5,ND5,ND5,ND5,ND5,ND1,ND5,ND5,ND5,Equity Release (EQRE),ND5,ND5,ND5,ND5,ND1,ND1,GBP,ND1,ND5,ND5,ND5,ND5,ND5,ND5,ND5,ND5,more2life,,,2025-10-24,ND5,ND1,2025-09-16,265000.0,77634101,ND5,131175.0,,49.5,ND5,ND5,ND5,,ND5,ND1,,,,,,ND5,,N,ND5,ND5,ND5,ND5,ND5,ND5,ND5,ND5,ND5,ND5,,ND1,GBZZZ,GBZZZ,GBZZZ,,,Omni 400,,ND5,ND5,ND1,,,,ND5,ND5,ND5,ND5,ND5,ND5,ND5,ND5,2025-10-31,ND1,ND1,2025-09-16,265000.0,ND5,0.5,ND5,ND5,ND5,9.56,GBP,ND5,ND5,,ND5,Residential Building (RBLD),GBP,Key Whole Of Market,,,,,,ND5,,ND1,ND5,274.86,Performing (PERF)
79,1970,,777212,0,,123860,,ND5,ND5,ND5,ND5,ND5,ND5,ND5,ND5,ND5,ND5,ND5,ND1,ND5,ND5,ND5,Equity Release (EQRE),ND5,ND5,ND5,ND5,ND1,ND1,GBP,ND1,ND5,ND5,ND5,ND5,ND5,ND5,ND5,ND5,more2life,,,2025-10-24,ND5,ND1,2025-09-24,220000.0,77721201,ND5,123860.0,,56.3,ND5,ND5,ND5,,ND5,ND1,,,,,,ND5,,N,ND5,ND5,ND5,ND5,ND5,ND5,ND5,ND5,ND5,ND5,,ND1,GBZZZ,GBZZZ,GBZZZ,,,Omni 400,,ND5,ND5,ND1,,,,ND5,ND5,ND5,ND5,ND5,ND5,ND5,ND5,2025-10-31,ND1,ND1,2025-09-24,220000.0,ND5,0.56,ND5,ND5,ND5,9.56,GBP,ND5,ND5,,ND5,Residential Building (RBLD),GBP,Altogether Financial Solutions Ltd,,,,,,ND5,,ND1,ND5,259.53,Performing (PERF)
61,1968,,777592,0,,96180,,ND5,ND5,ND5,ND5,ND5,ND5,ND5,ND5,ND5,ND5,ND5,ND1,ND5,ND5,ND5,Equity Release (EQRE),ND5,ND5,ND5,ND5,ND1,ND1,GBP,ND1,ND5,ND5,ND5,ND5,ND5,ND5,ND5,ND5,more2life,,,2025-10-24,ND5,ND1,2025-09-23,278000.0,77759201,ND5,96180.0,,34.597122302158276,ND5,ND5,ND5,,ND5,ND1,,,,,,ND5,,N,ND5,ND5,ND5,ND5,ND5,ND5,ND5,ND5,ND5,ND5,,ND1,GBZZZ,GBZZZ,GBZZZ,,,Omni 300,,ND5,ND5,ND1,,,,ND5,ND5,ND5,ND5,ND5,ND5,ND5,ND5,2025-10-31,ND1,ND1,2025-09-23,278000.0,ND5,0.35,ND5,ND5,ND5,9.52,GBP,ND5,ND5,,ND5,Residential Building (RBLD),GBP,Mark Wainwright,,,,,,ND5,,ND1,ND5,200.69,Performing (PERF)
69,1930,,778214,0,,51300,,ND5,ND5,ND5,ND5,ND5,ND5,ND5,ND5,ND5,ND5,ND5,ND1,ND5,ND5,ND5,Equity Release (EQRE),ND5,ND5,ND5,ND5,ND1,ND1,GBP,ND1,ND5,ND5,ND5,ND5,ND5,ND5,ND5,ND5,more2life,,,2025-10-24,ND5,ND1,2025-09-30,120000.0,77821401,ND5,51300.0,,42.75,ND5,ND5,ND5,,ND5,ND1,,,,,,ND5,,N,ND5,ND5,ND5,ND5,ND5,ND5,ND5,ND5,ND5,ND5,,ND1,GBZZZ,GBZZZ,GBZZZ,,,Omni 400,,ND5,ND5,ND1,,,,ND5,ND5,ND5,ND5,ND5,ND5,ND5,ND5,2025-10-31,ND1,ND1,2025-09-30,120000.0,ND5,0.43,ND5,ND5,ND5,9.56,GBP,ND5,ND5,,ND5,Residential Building (RBLD),GBP,Lifetime Equity Release Limited,,,,,,ND5,,ND1,ND5,107.49,Performing (PERF)
64,1975,,776021,0,,74588,,ND5,ND5,ND5,ND5,ND5,ND5,ND5,ND5,ND5,ND5,ND5,ND1,ND5,ND5,ND5,Equity Release (EQRE),ND5,ND5,ND5,ND5,ND1,ND1,GBP,ND1,ND5,ND5,ND5,ND5,ND5,ND5,ND5,ND5,more2life,,,2025-10-27,ND5,ND1,2025-09-10,195000.0,77602101,ND5,74587.5,,38.25,ND5,ND5,ND5,,ND5,ND1,,,,,,ND5,,N,ND5,ND5,ND5,ND5,ND5,ND5,ND5,ND5,ND5,ND5,,ND1,GBZZZ,GBZZZ,GBZZZ,,,Omni 400,,ND5,ND5,ND1,,,,ND5,ND5,ND5,ND5,ND5,ND5,ND5,ND5,2025-10-31,ND1,ND1,2025-09-10,195000.0,ND5,0.38,ND5,ND5,ND5,9.48,GBP,ND5,ND5,,ND5,Residential Building (RBLD),GBP,Key Own Brand,,,,,,ND5,,ND1,ND5,96.86,Performing (PERF)
57,1997,,777202,0,,81200,,ND5,ND5,ND5,ND5,ND5,ND5,ND5,ND5,ND5,ND5,ND5,ND1,ND5,ND5,ND5,Equity Release (EQRE),ND5,ND5,ND5,ND5,ND1,ND1,GBP,ND1,ND5,ND5,ND5,ND5,ND5,ND5,ND5,ND5,more2life,,,2025-10-27,ND5,ND1,2025-09-29,280000.0,77720201,ND5,81200.0,,28.999999999999996,ND5,ND5,ND5,,ND5,ND1,,,,,,ND5,,N,ND5,ND5,ND5,ND5,ND5,ND5,ND5,ND5,ND5,ND5,,ND1,GBZZZ,GBZZZ,GBZZZ,,,Omni 400,,ND5,ND5,ND1,,,,ND5,ND5,ND5,ND5,ND5,ND5,ND5,ND5,2025-10-31,ND1,ND1,2025-09-29,280000.0,ND5,0.29,ND5,ND5,ND5,9.56,GBP,ND5,ND5,,ND5,Residential Building (RBLD),GBP,Lendle Finance Group Limited,,,,,,ND5,,ND1,ND5,106.34,Performing (PERF)
58,1930,,776217,0,,156000,,ND5,ND5,ND5,ND5,ND5,ND5,ND5,ND5,ND5,ND5,ND5,ND1,ND5,ND5,ND5,Equity Release (EQRE),ND5,ND5,ND5,ND5,ND1,ND1,GBP,ND1,ND5,ND5,ND5,ND5,ND5,ND5,ND5,ND5,more2life,,,2025-10-28,ND5,ND1,2025-09-05,480000.0,77621701,ND5,156000.0,,32.5,ND5,ND5,ND5,,ND5,ND1,,,,,,ND5,,N,ND5,ND5,ND5,ND5,ND5,ND5,ND5,ND5,ND5,ND5,,ND1,GBZZZ,GBZZZ,GBZZZ,,,Omni 300,,ND5,ND5,ND1,,,,ND5,ND5,ND5,ND5,ND5,ND5,ND5,ND5,2025-10-31,ND1,ND1,2025-09-05,480000.0,ND5,0.33,ND5,ND5,ND5,9.43,GBP,ND5,ND5,,ND5,Residential Building (RBLD),GBP,Bower,,,,,,ND5,,ND1,ND5,161.21,Performing (PERF)
60,1989,,776514,0,,106500,,ND5,ND5,ND5,ND5,ND5,ND5,ND5,ND5,ND5,ND5,ND5,ND1,ND5,ND5,ND5,Equity Release (EQRE),ND5,ND5,ND5,ND5,ND1,ND1,GBP,ND1,ND5,ND5,ND5,ND5,ND5,ND5,ND5,ND5,more2life,,,2025-10-28,ND5,ND1,2025-09-29,300000.0,77651401,ND5,106500.0,,35.5,ND5,ND5,ND5,,ND5,ND1,,,,,,ND5,,N,ND5,ND5,ND5,ND5,ND5,ND5,ND5,ND5,ND5,ND5,,ND1,GBZZZ,GBZZZ,GBZZZ,,,Omni 400,,ND5,ND5,ND1,,,,ND5,ND5,ND5,ND5,ND5,ND5,ND5,ND5,2025-10-31,ND1,ND1,2025-09-29,300000.0,ND5,0.36,ND5,ND5,ND5,9.56,GBP,ND5,ND5,,ND5,Residential Building (RBLD),GBP,One Stop 4 Equity Release Limited,,,,,,ND5,,ND1,ND5,111.57,Performing (PERF)
67,1975,,777243,0,,123225,,ND5,ND5,ND5,ND5,ND5,ND5,ND5,ND5,ND5,ND5,ND5,ND1,ND5,ND5,ND5,Equity Release (EQRE),ND5,ND5,ND5,ND5,ND1,ND1,GBP,ND1,ND5,ND5,ND5,ND5,ND5,ND5,ND5,ND5,more2life,,,2025-10-28,ND5,ND1,2025-09-23,310000.0,77724301,ND5,123225.0,,39.75,ND5,ND5,ND5,,ND5,ND1,,,,,,ND5,,N,ND5,ND5,ND5,ND5,ND5,ND5,ND5,ND5,ND5,ND5,,ND1,GBZZZ,GBZZZ,GBZZZ,,,Omni 300,,ND5,ND5,ND1,,,,ND5,ND5,ND5,ND5,ND5,ND5,ND5,ND5,2025-10-31,ND1,ND1,2025-09-23,310000.0,ND5,0.4,ND5,ND5,ND5,9.52,GBP,ND5,ND5,,ND5,Residential Building (RBLD),GBP,Knight Frank Finance LLP,,,,,,ND5,,ND1,ND5,128.56,Performing (PERF)
64,1965,,777513,0,,70775,,ND5,ND5,ND5,ND5,ND5,ND5,ND5,ND5,ND5,ND5,ND5,ND1,ND5,ND5,ND5,Equity Release (EQRE),ND5,ND5,ND5,ND5,ND1,ND1,GBP,ND1,ND5,ND5,ND5,ND5,ND5,ND5,ND5,ND5,more2life,,,2025-10-28,ND5,ND1,2025-09-23,190000.0,77751301,ND5,70775.0,,37.25,ND5,ND5,ND5,,ND5,ND1,,,,,,ND5,,N,ND5,ND5,ND5,ND5,ND5,ND5,ND5,ND5,ND5,ND5,,ND1,GBZZZ,GBZZZ,GBZZZ,,,Omni 400,,ND5,ND5,ND1,,,,ND5,ND5,ND5,ND5,ND5,ND5,ND5,ND5,2025-10-31,ND1,ND1,2025-09-23,190000.0,ND5,0.37,ND5,ND5,ND5,9.56,GBP,ND5,ND5,,ND5,Residential Building (RBLD),GBP,Key Whole Of Market,,,,,,ND5,,ND1,ND5,74.15,Performing (PERF)
65,2008,,776619,0,,184475,,ND5,ND5,ND5,ND5,ND5,ND5,ND5,ND5,ND5,ND5,ND5,ND1,ND5,ND5,ND5,Equity Release (EQRE),ND5,ND5,ND5,ND5,ND1,ND1,GBP,ND1,ND5,ND5,ND5,ND5,ND5,ND5,ND5,ND5,more2life,,,2025-10-29,ND5,ND1,2025-09-23,470000.0,77661901,ND5,184475.0,,39.25,ND5,ND5,ND5,,ND5,ND1,,,,,,ND5,,N,ND5,ND5,ND5,ND5,ND5,ND5,ND5,ND5,ND5,ND5,,ND1,GBZZZ,GBZZZ,GBZZZ,,,Omni 300,,ND5,ND5,ND1,,,,ND5,ND5,ND5,ND5,ND5,ND5,ND5,ND5,2025-10-31,ND1,ND1,2025-09-23,470000.0,ND5,0.39,ND5,ND5,ND5,9.52,GBP,ND5,ND5,,ND5,Residential Building (RBLD),GBP,Cornerstone Finance Group Ltd,,,,,,ND5,,ND1,ND5,144.35,Performing (PERF)
62,1935,,778803,0,,90625,,ND5,ND5,ND5,ND5,ND5,ND5,ND5,ND5,ND5,ND5,ND5,ND1,ND5,ND5,ND5,Equity Release (EQRE),ND5,ND5,ND5,ND5,ND1,ND1,GBP,ND1,ND5,ND5,ND5,ND5,ND5,ND5,ND5,ND5,more2life,,,2025-10-29,ND5,ND1,2025-10-07,250000.0,77880301,ND5,90625.0,,36.25,ND5,ND5,ND5,,ND5,ND1,,,,,,ND5,,N,ND5,ND5,ND5,ND5,ND5,ND5,ND5,ND5,ND5,ND5,,ND1,GBZZZ,GBZZZ,GBZZZ,,,Omni 400,,ND5,ND5,ND1,,,,ND5,ND5,ND5,ND5,ND5,ND5,ND5,ND5,2025-10-31,ND1,ND1,2025-10-07,250000.0,ND5,0.36,ND5,ND5,ND5,9.56,GBP,ND5,ND5,,ND5,Residential Building (RBLD),GBP,Bower,,,,,,ND5,,ND1,ND5,71.21,Performing (PERF)
73,1900,,776345,0,,174600,,ND5,ND5,ND5,ND5,ND5,ND5,ND5,ND5,ND5,ND5,ND5,ND1,ND5,ND5,ND5,Equity Release (EQRE),ND5,ND5,ND5,ND5,ND1,ND1,GBP,ND1,ND5,ND5,ND5,ND5,ND5,ND5,ND5,ND5,more2life,,,2025-10-30,ND5,ND1,2025-09-25,360000.0,77634501,ND5,174600.0,,48.5,ND5,ND5,ND5,,ND5,ND1,,,,,,ND5,,N,ND5,ND5,ND5,ND5,ND5,ND5,ND5,ND5,ND5,ND5,,ND1,GBZZZ,GBZZZ,GBZZZ,,,Omni 400,,ND5,ND5,ND1,,,,ND5,ND5,ND5,ND5,ND5,ND5,ND5,ND5,2025-10-31,ND1,ND1,2025-09-25,360000.0,ND5,0.49,ND5,ND5,ND5,9.56,GBP,ND5,ND5,,ND5,Residential Building (RBLD),GBP,B2B Loans and Mortgages Limited,,,,,,ND5,,ND1,ND5,91.46,Performing (PERF)
79,1900,,776377,0,,242000,,ND5,ND5,ND5,ND5,ND5,ND5,ND5,ND5,ND5,ND5,ND5,ND1,ND5,ND5,ND5,Equity Release (EQRE),ND5,ND5,ND5,ND5,ND1,ND1,GBP,ND1,ND5,ND5,ND5,ND5,ND5,ND5,ND5,ND5,more2life,,,2025-10-30,ND5,ND1,2025-09-29,440000.0,77637701,ND5,242000.0,,55.00000000000001,ND5,ND5,ND5,,ND5,ND1,,,,,,ND5,,N,ND5,ND5,ND5,ND5,ND5,ND5,ND5,ND5,ND5,ND5,,ND1,GBZZZ,GBZZZ,GBZZZ,,,Omni 400,,ND5,ND5,ND1,,,,ND5,ND5,ND5,ND5,ND5,ND5,ND5,ND5,2025-10-31,ND1,ND1,2025-09-29,440000.0,ND5,0.55,ND5,ND5,ND5,9.56,GBP,ND5,ND5,,ND5,Residential Building (RBLD),GBP,Gordon Blair Financial Services Ltd,,,,,,ND5,,ND1,ND5,126.76,Performing (PERF)
66,1933,,777488,0,,201250,,ND5,ND5,ND5,ND5,ND5,ND5,ND5,ND5,ND5,ND5,ND5,ND1,ND5,ND5,ND5,Equity Release (EQRE),ND5,ND5,ND5,ND5,ND1,ND1,GBP,ND1,ND5,ND5,ND5,ND5,ND5,ND5,ND5,ND5,more2life,,,2025-09-30,ND5,ND1,2025-09-22,500000.0,77748801,ND5,201250.0,,40.25,ND5,ND5,ND5,,ND5,ND1,,,,,,ND5,,N,ND5,ND5,ND5,ND5,ND5,ND5,ND5,ND5,ND5,ND5,,ND1,GBZZZ,GBZZZ,GBZZZ,,,Omni 400,,ND5,ND5,ND1,,,,ND5,ND5,ND5,ND5,ND5,ND5,ND5,ND5,2025-10-31,ND1,ND1,2025-09-22,500000.0,ND5,0.4,ND5,ND5,ND5,9.56,GBP,ND5,ND5,,ND5,Residential Building (RBLD),GBP,RSUK ltd,,,,,,ND5,,ND1,ND5,105.42,Performing (PERF)
69,2002,,776169,0,,149625,,ND5,ND5,ND5,ND5,ND5,ND5,ND5,ND5,ND5,ND5,ND5,ND1,ND5,ND5,ND5,Equity Release (EQRE),ND5,ND5,ND5,ND5,ND1,ND1,GBP,ND1,ND5,ND5,ND5,ND5,ND5,ND5,ND5,ND5,more2life,,,2025-09-30,ND5,ND1,2025-09-09,350000.0,77616901,ND5,149625.0,,42.75,ND5,ND5,ND5,,ND5,ND1,,,,,,ND5,,N,ND5,ND5,ND5,ND5,ND5,ND5,ND5,ND5,ND5,ND5,,ND1,GBZZZ,GBZZZ,GBZZZ,,,Omni 400,,ND5,ND5,ND1,,,,ND5,ND5,ND5,ND5,ND5,ND5,ND5,ND5,2025-10-31,ND1,ND1,2025-09-09,350000.0,ND5,0.43,ND5,ND5,ND5,9.48,GBP,ND5,ND5,,ND5,Residential Building (RBLD),GBP,Key Whole Of Market,,,,,,ND5,,ND1,ND5,38.86,Performing (PERF)
66,1976,,776266,0,,113400,,ND5,ND5,ND5,ND5,ND5,ND5,ND5,ND5,ND5,ND5,ND5,ND1,ND5,ND5,ND5,Equity Release (EQRE),ND5,ND5,ND5,ND5,ND1,ND1,GBP,ND1,ND5,ND5,ND5,ND5,ND5,ND5,ND5,ND5,more2life,,,2025-09-30,ND5,ND1,2025-09-15,280000.0,77626601,ND5,113400.0,,40.5,ND5,ND5,ND5,,ND5,ND1,,,,,,ND5,,N,ND5,ND5,ND5,ND5,ND5,ND5,ND5,ND5,ND5,ND5,,ND1,GBZZZ,GBZZZ,GBZZZ,,,Omni 400,,ND5,ND5,ND1,,,,ND5,ND5,ND5,ND5,ND5,ND5,ND5,ND5,2025-10-31,ND1,ND1,2025-09-15,280000.0,ND5,0.41,ND5,ND5,ND5,9.48,GBP,ND5,ND5,,ND5,Residential Building (RBLD),GBP,Home Equity Release Limited,,,,,,ND5,,ND1,ND5,29.45,Performing (PERF)
69,1929,,777358,0,,175000,,ND5,ND5,ND5,ND5,ND5,ND5,ND5,ND5,ND5,ND5,ND5,ND1,ND5,ND5,ND5,Equity Release (EQRE),ND5,ND5,ND5,ND5,ND1,ND1,GBP,ND1,ND5,ND5,ND5,ND5,ND5,ND5,ND5,ND5,more2life,,,2025-09-30,ND5,ND1,2025-08-28,420000.0,77735801,ND5,175000.0,,41.66666666666667,ND5,ND5,ND5,,ND5,ND1,,,,,,ND5,,N,ND5,ND5,ND5,ND5,ND5,ND5,ND5,ND5,ND5,ND5,,ND1,GBZZZ,GBZZZ,GBZZZ,,,Omni 300,,ND5,ND5,ND1,,,,ND5,ND5,ND5,ND5,ND5,ND5,ND5,ND5,2025-10-31,ND1,ND1,2025-08-28,420000.0,ND5,0.42,ND5,ND5,ND5,9.52,GBP,ND5,ND5,,ND5,Residential Building (RBLD),GBP,Money Release Limited,,,,,,ND5,,ND1,ND5,45.64,Performing (PERF)
73,1900,,778068,0,,179850,,ND5,ND5,ND5,ND5,ND5,ND5,ND5,ND5,ND5,ND5,ND5,ND1,ND5,ND5,ND5,Equity Release (EQRE),ND5,ND5,ND5,ND5,ND1,ND1,GBP,ND1,ND5,ND5,ND5,ND5,ND5,ND5,ND5,ND5,more2life,,,2025-09-30,ND5,ND1,2025-10-06,380000.0,77806801,ND5,179850.0,,47.328947368421055,ND5,ND5,ND5,,ND5,ND1,,,,,,ND5,,N,ND5,ND5,ND5,ND5,ND5,ND5,ND5,ND5,ND5,ND5,,ND1,GBZZZ,GBZZZ,GBZZZ,,,Omni 300,,ND5,ND5,ND1,,,,ND5,ND5,ND5,ND5,ND5,ND5,ND5,ND5,2025-10-31,ND1,ND1,2025-10-06,380000.0,ND5,0.47,ND5,ND5,ND5,9.55,GBP,ND5,ND5,,ND5,Residential Building (RBLD),GBP,Advisory Financial Services,,,,,,ND5,,ND1,ND5,47.06,Performing (PERF)
